image,attack,target,epsilon,original_label,original_confidence,poisoned_label,poisoned_confidence,success,psnr,ssim
car1.jpg,target_guided_bounded_perturbation,clock,2,car,0.9169,car,0.919,False,41.643,0.9958
car1.jpg,target_guided_bounded_perturbation,clock,4,car,0.9169,car,0.919,False,36.0516,0.9865
car1.jpg,target_guided_bounded_perturbation,clock,6,car,0.9169,car,0.9195,False,32.6139,0.9732
car1.jpg,target_guided_bounded_perturbation,clock,8,car,0.9169,car,0.9195,False,30.145,0.9585
car2.jpg,target_guided_bounded_perturbation,clock,2,car,0.944,car,0.9422,False,41.4604,0.996
car2.jpg,target_guided_bounded_perturbation,clock,4,car,0.944,car,0.9398,False,35.9725,0.9872
car2.jpg,target_guided_bounded_perturbation,clock,6,car,0.944,car,0.9321,False,32.5466,0.975
car2.jpg,target_guided_bounded_perturbation,clock,8,car,0.944,car,0.9275,False,30.0804,0.9613
car3.jpg,target_guided_bounded_perturbation,clock,2,truck,0.5389,truck,0.5486,False,41.6429,0.9955
car3.jpg,target_guided_bounded_perturbation,clock,4,truck,0.5389,truck,0.5192,False,36.0265,0.9863
car3.jpg,target_guided_bounded_perturbation,clock,6,truck,0.5389,car,0.4896,False,32.5727,0.9735
car3.jpg,target_guided_bounded_perturbation,clock,8,truck,0.5389,car,0.5353,False,30.101,0.9596
car4.jpg,target_guided_bounded_perturbation,clock,2,car,0.8721,car,0.8808,False,41.7423,0.9958
car4.jpg,target_guided_bounded_perturbation,clock,4,car,0.8721,car,0.9055,False,36.0478,0.9867
car4.jpg,target_guided_bounded_perturbation,clock,6,car,0.8721,car,0.9046,False,32.5769,0.9742
car4.jpg,target_guided_bounded_perturbation,clock,8,car,0.8721,car,0.896,False,30.0986,0.9605
car5.jpg,target_guided_bounded_perturbation,clock,2,car,0.8855,car,0.8883,False,39.9444,0.9954
car5.jpg,target_guided_bounded_perturbation,clock,4,car,0.8855,car,0.8867,False,35.447,0.9867
car5.jpg,target_guided_bounded_perturbation,clock,6,car,0.8855,car,0.8787,False,32.2934,0.9751
car5.jpg,target_guided_bounded_perturbation,clock,8,car,0.8855,car,0.8754,False,29.9357,0.9622
car6.jpg,target_guided_bounded_perturbation,clock,2,car,0.9088,car,0.9119,False,41.3575,0.9938
car6.jpg,target_guided_bounded_perturbation,clock,4,car,0.9088,car,0.9071,False,35.9884,0.9832
car6.jpg,target_guided_bounded_perturbation,clock,6,car,0.9088,car,0.9015,False,32.6569,0.971
car6.jpg,target_guided_bounded_perturbation,clock,8,car,0.9088,car,0.8999,False,30.2579,0.958
car7.jpg,target_guided_bounded_perturbation,clock,2,car,0.9375,car,0.9381,False,42.8449,0.9878
car7.jpg,target_guided_bounded_perturbation,clock,4,car,0.9375,car,0.9315,False,37.079,0.9706
car7.jpg,target_guided_bounded_perturbation,clock,6,car,0.9375,car,0.9257,False,33.6154,0.954
car7.jpg,target_guided_bounded_perturbation,clock,8,car,0.9375,car,0.9234,False,31.1457,0.9376
car8.jpg,target_guided_bounded_perturbation,clock,2,car,0.9081,car,0.9177,False,41.7223,0.9947
car8.jpg,target_guided_bounded_perturbation,clock,4,car,0.9081,car,0.8617,False,36.0369,0.9821
car8.jpg,target_guided_bounded_perturbation,clock,6,car,0.9081,car,0.6832,False,32.5755,0.9653
car8.jpg,target_guided_bounded_perturbation,clock,8,car,0.9081,car,0.5217,False,30.1016,0.9481
car9.jpg,target_guided_bounded_perturbation,clock,2,car,0.8858,car,0.8909,False,40.5089,0.9968
car9.jpg,target_guided_bounded_perturbation,clock,4,car,0.8858,car,0.8932,False,35.7059,0.9904
car9.jpg,target_guided_bounded_perturbation,clock,6,car,0.8858,car,0.8931,False,32.4479,0.9808
car9.jpg,target_guided_bounded_perturbation,clock,8,car,0.8858,car,0.8919,False,30.0432,0.9695
car10.jpg,target_guided_bounded_perturbation,clock,2,car,0.8561,car,0.8611,False,41.5064,0.9936
car10.jpg,target_guided_bounded_perturbation,clock,4,car,0.8561,car,0.8645,False,35.9755,0.9825
car10.jpg,target_guided_bounded_perturbation,clock,6,car,0.8561,car,0.8664,False,32.5421,0.9688
car10.jpg,target_guided_bounded_perturbation,clock,8,car,0.8561,car,0.8614,False,30.0773,0.954
